-- =============================================
-- V6: Seed data for go-bar and central-de-bebidas
-- Both tenants sell: alcoholic beverages, non-alcoholic beverages, and misc (cigarettes/supplies)
-- =============================================

-- ============================================= USERS =============================================

INSERT INTO users (id, tenant_id, external_id, email, name, role) VALUES
-- go-bar users
('a0000001-0000-0000-0000-000000000001', 'go-bar', 'auth0|gobar-admin', 'admin@gobar.com', 'Martín López', 'ADMIN'),
('a0000001-0000-0000-0000-000000000002', 'go-bar', 'auth0|gobar-super', 'supervisor@gobar.com', 'Laura García', 'SUPERVISOR'),
('a0000001-0000-0000-0000-000000000003', 'go-bar', 'auth0|gobar-worker', 'cajero@gobar.com', 'Pedro Ruiz', 'WORKER'),
-- central-de-bebidas users
('b0000001-0000-0000-0000-000000000001', 'central-de-bebidas', 'auth0|cdb-admin', 'admin@centraldebebidas.com', 'Roberto Fernández', 'ADMIN'),
('b0000001-0000-0000-0000-000000000002', 'central-de-bebidas', 'auth0|cdb-super', 'supervisor@centraldebebidas.com', 'Carolina Méndez', 'SUPERVISOR'),
('b0000001-0000-0000-0000-000000000003', 'central-de-bebidas', 'auth0|cdb-worker', 'deposito@centraldebebidas.com', 'Diego Álvarez', 'WORKER'),
('b0000001-0000-0000-0000-000000000004', 'central-de-bebidas', 'auth0|cdb-viewer', 'ventas@centraldebebidas.com', 'Sofía Torres', 'VIEWER');

-- ============================================= CATEGORIES =============================================

INSERT INTO product_categories (id, tenant_id, name, description) VALUES
-- go-bar
('c1000001-0000-0000-0000-000000000001', 'go-bar', 'Bebidas Alcohólicas', 'Cervezas, vinos, destilados y licores'),
('c1000001-0000-0000-0000-000000000002', 'go-bar', 'Bebidas Sin Alcohol', 'Gaseosas, aguas, jugos y energizantes'),
('c1000001-0000-0000-0000-000000000003', 'go-bar', 'Cigarrillos e Insumos', 'Cigarrillos, encendedores y accesorios'),
-- central-de-bebidas
('c2000001-0000-0000-0000-000000000001', 'central-de-bebidas', 'Bebidas Alcohólicas', 'Cervezas, vinos, destilados y licores'),
('c2000001-0000-0000-0000-000000000002', 'central-de-bebidas', 'Bebidas Sin Alcohol', 'Gaseosas, aguas, jugos y energizantes'),
('c2000001-0000-0000-0000-000000000003', 'central-de-bebidas', 'Cigarrillos e Insumos', 'Cigarrillos, encendedores y accesorios');

-- ============================================= FAMILIES =============================================

INSERT INTO product_families (id, tenant_id, name, description) VALUES
-- go-bar
('f1000001-0000-0000-0000-000000000001', 'go-bar', 'Cervezas', 'Cervezas nacionales e importadas'),
('f1000001-0000-0000-0000-000000000002', 'go-bar', 'Vinos', 'Vinos tintos, blancos y espumantes'),
('f1000001-0000-0000-0000-000000000003', 'go-bar', 'Destilados', 'Fernet, whisky, vodka, gin y más'),
('f1000001-0000-0000-0000-000000000004', 'go-bar', 'Gaseosas', 'Coca-Cola, Sprite, Fanta y similares'),
('f1000001-0000-0000-0000-000000000005', 'go-bar', 'Aguas y Jugos', 'Aguas minerales y jugos naturales'),
('f1000001-0000-0000-0000-000000000006', 'go-bar', 'Energizantes', 'Bebidas energizantes'),
('f1000001-0000-0000-0000-000000000007', 'go-bar', 'Tabaco', 'Cigarrillos y tabaco'),
-- central-de-bebidas
('f2000001-0000-0000-0000-000000000001', 'central-de-bebidas', 'Cervezas', 'Cervezas nacionales e importadas'),
('f2000001-0000-0000-0000-000000000002', 'central-de-bebidas', 'Vinos', 'Vinos tintos, blancos y espumantes'),
('f2000001-0000-0000-0000-000000000003', 'central-de-bebidas', 'Destilados', 'Fernet, whisky, vodka, gin y más'),
('f2000001-0000-0000-0000-000000000004', 'central-de-bebidas', 'Gaseosas', 'Coca-Cola, Sprite, Fanta y similares'),
('f2000001-0000-0000-0000-000000000005', 'central-de-bebidas', 'Aguas y Jugos', 'Aguas minerales y jugos naturales'),
('f2000001-0000-0000-0000-000000000006', 'central-de-bebidas', 'Energizantes', 'Bebidas energizantes'),
('f2000001-0000-0000-0000-000000000007', 'central-de-bebidas', 'Tabaco', 'Cigarrillos y tabaco');

-- ============================================= PRODUCTS =============================================

INSERT INTO products (id, tenant_id, sku, name, description, category_id, family_id, state) VALUES
-- go-bar: Cervezas
('d1000001-0000-0000-0000-000000000001', 'go-bar', 'CERV-QUIL-473', 'Cerveza Quilmes Lata 473ml', 'Cerveza rubia clásica argentina', 'c1000001-0000-0000-0000-000000000001', 'f1000001-0000-0000-0000-000000000001', 'ACTIVE'),
('d1000001-0000-0000-0000-000000000002', 'go-bar', 'CERV-BRAH-473', 'Cerveza Brahma Lata 473ml', 'Cerveza rubia suave', 'c1000001-0000-0000-0000-000000000001', 'f1000001-0000-0000-0000-000000000001', 'ACTIVE'),
('d1000001-0000-0000-0000-000000000003', 'go-bar', 'CERV-CORO-330', 'Cerveza Corona Botella 330ml', 'Cerveza mexicana premium', 'c1000001-0000-0000-0000-000000000001', 'f1000001-0000-0000-0000-000000000001', 'ACTIVE'),
('d1000001-0000-0000-0000-000000000004', 'go-bar', 'CERV-STELLA-330', 'Cerveza Stella Artois 330ml', 'Cerveza belga premium', 'c1000001-0000-0000-0000-000000000001', 'f1000001-0000-0000-0000-000000000001', 'ACTIVE'),
('d1000001-0000-0000-0000-000000000005', 'go-bar', 'CERV-PATA-473', 'Cerveza Patagonia Amber Lager 473ml', 'Cerveza artesanal premium', 'c1000001-0000-0000-0000-000000000001', 'f1000001-0000-0000-0000-000000000001', 'ACTIVE'),
-- go-bar: Vinos
('d1000001-0000-0000-0000-000000000006', 'go-bar', 'VINO-TRUMP-MAL', 'Vino Trumpeter Malbec 750ml', 'Malbec mendocino, cuerpo medio', 'c1000001-0000-0000-0000-000000000001', 'f1000001-0000-0000-0000-000000000002', 'ACTIVE'),
('d1000001-0000-0000-0000-000000000007', 'go-bar', 'VINO-ESTAMP-TIN', 'Vino Estampa Tinto 750ml', 'Blend tinto suave', 'c1000001-0000-0000-0000-000000000001', 'f1000001-0000-0000-0000-000000000002', 'ACTIVE'),
-- go-bar: Destilados
('d1000001-0000-0000-0000-000000000008', 'go-bar', 'DEST-FERNET-750', 'Fernet Branca 750ml', 'Amaro italiano clásico', 'c1000001-0000-0000-0000-000000000001', 'f1000001-0000-0000-0000-000000000003', 'ACTIVE'),
('d1000001-0000-0000-0000-000000000009', 'go-bar', 'DEST-JHWALKER-750', 'Johnnie Walker Red Label 750ml', 'Whisky escocés blended', 'c1000001-0000-0000-0000-000000000001', 'f1000001-0000-0000-0000-000000000003', 'ACTIVE'),
('d1000001-0000-0000-0000-000000000010', 'go-bar', 'DEST-SMIRNOFF-750', 'Smirnoff Vodka 750ml', 'Vodka triple destilado', 'c1000001-0000-0000-0000-000000000001', 'f1000001-0000-0000-0000-000000000003', 'ACTIVE'),
-- go-bar: Gaseosas
('d1000001-0000-0000-0000-000000000011', 'go-bar', 'GAS-COCA-2250', 'Coca-Cola 2.25L', 'Gaseosa cola', 'c1000001-0000-0000-0000-000000000002', 'f1000001-0000-0000-0000-000000000004', 'ACTIVE'),
('d1000001-0000-0000-0000-000000000012', 'go-bar', 'GAS-COCA-354', 'Coca-Cola Lata 354ml', 'Gaseosa cola lata individual', 'c1000001-0000-0000-0000-000000000002', 'f1000001-0000-0000-0000-000000000004', 'ACTIVE'),
('d1000001-0000-0000-0000-000000000013', 'go-bar', 'GAS-SPRITE-2250', 'Sprite 2.25L', 'Gaseosa lima-limón', 'c1000001-0000-0000-0000-000000000002', 'f1000001-0000-0000-0000-000000000004', 'ACTIVE'),
('d1000001-0000-0000-0000-000000000014', 'go-bar', 'GAS-TONICA-1500', 'Tónica Schweppes 1.5L', 'Agua tónica premium', 'c1000001-0000-0000-0000-000000000002', 'f1000001-0000-0000-0000-000000000004', 'ACTIVE'),
-- go-bar: Aguas
('d1000001-0000-0000-0000-000000000015', 'go-bar', 'AGUA-VILLA-500', 'Agua Villavicencio 500ml', 'Agua mineral sin gas', 'c1000001-0000-0000-0000-000000000002', 'f1000001-0000-0000-0000-000000000005', 'ACTIVE'),
('d1000001-0000-0000-0000-000000000016', 'go-bar', 'AGUA-KIN-500', 'Agua Kin 500ml', 'Agua mineral con gas', 'c1000001-0000-0000-0000-000000000002', 'f1000001-0000-0000-0000-000000000005', 'ACTIVE'),
-- go-bar: Energizantes
('d1000001-0000-0000-0000-000000000017', 'go-bar', 'ENER-SPEED-250', 'Speed Energizante 250ml', 'Bebida energizante', 'c1000001-0000-0000-0000-000000000002', 'f1000001-0000-0000-0000-000000000006', 'ACTIVE'),
('d1000001-0000-0000-0000-000000000018', 'go-bar', 'ENER-REDBULL-250', 'Red Bull 250ml', 'Bebida energizante premium', 'c1000001-0000-0000-0000-000000000002', 'f1000001-0000-0000-0000-000000000006', 'ACTIVE'),
-- go-bar: Cigarrillos
('d1000001-0000-0000-0000-000000000019', 'go-bar', 'CIG-MARLB-BOX20', 'Marlboro Box 20', 'Cigarrillos Marlboro caja dura', 'c1000001-0000-0000-0000-000000000003', 'f1000001-0000-0000-0000-000000000007', 'ACTIVE'),
('d1000001-0000-0000-0000-000000000020', 'go-bar', 'CIG-LUCKY-BOX20', 'Lucky Strike Box 20', 'Cigarrillos Lucky Strike', 'c1000001-0000-0000-0000-000000000003', 'f1000001-0000-0000-0000-000000000007', 'ACTIVE'),

-- central-de-bebidas: Cervezas
('d2000001-0000-0000-0000-000000000001', 'central-de-bebidas', 'CERV-QUIL-473', 'Cerveza Quilmes Lata 473ml', 'Cerveza rubia clásica argentina', 'c2000001-0000-0000-0000-000000000001', 'f2000001-0000-0000-0000-000000000001', 'ACTIVE'),
('d2000001-0000-0000-0000-000000000002', 'central-de-bebidas', 'CERV-BRAH-473', 'Cerveza Brahma Lata 473ml', 'Cerveza rubia suave', 'c2000001-0000-0000-0000-000000000001', 'f2000001-0000-0000-0000-000000000001', 'ACTIVE'),
('d2000001-0000-0000-0000-000000000003', 'central-de-bebidas', 'CERV-CORO-330', 'Cerveza Corona Botella 330ml', 'Cerveza mexicana premium', 'c2000001-0000-0000-0000-000000000001', 'f2000001-0000-0000-0000-000000000001', 'ACTIVE'),
('d2000001-0000-0000-0000-000000000004', 'central-de-bebidas', 'CERV-STELLA-330', 'Cerveza Stella Artois 330ml', 'Cerveza belga premium', 'c2000001-0000-0000-0000-000000000001', 'f2000001-0000-0000-0000-000000000001', 'ACTIVE'),
('d2000001-0000-0000-0000-000000000005', 'central-de-bebidas', 'CERV-HEIN-330', 'Cerveza Heineken Botella 330ml', 'Cerveza holandesa premium', 'c2000001-0000-0000-0000-000000000001', 'f2000001-0000-0000-0000-000000000001', 'ACTIVE'),
('d2000001-0000-0000-0000-000000000006', 'central-de-bebidas', 'CERV-ANDES-473', 'Cerveza Andes Origen Lata 473ml', 'Cerveza mendocina', 'c2000001-0000-0000-0000-000000000001', 'f2000001-0000-0000-0000-000000000001', 'ACTIVE'),
-- central-de-bebidas: Vinos
('d2000001-0000-0000-0000-000000000007', 'central-de-bebidas', 'VINO-TRUMP-MAL', 'Vino Trumpeter Malbec 750ml', 'Malbec mendocino', 'c2000001-0000-0000-0000-000000000001', 'f2000001-0000-0000-0000-000000000002', 'ACTIVE'),
('d2000001-0000-0000-0000-000000000008', 'central-de-bebidas', 'VINO-CATENA-CAB', 'Vino Catena Cabernet Sauvignon 750ml', 'Cabernet premium Mendoza', 'c2000001-0000-0000-0000-000000000001', 'f2000001-0000-0000-0000-000000000002', 'ACTIVE'),
('d2000001-0000-0000-0000-000000000009', 'central-de-bebidas', 'VINO-CHANDON-750', 'Chandon Brut 750ml', 'Espumante brut', 'c2000001-0000-0000-0000-000000000001', 'f2000001-0000-0000-0000-000000000002', 'ACTIVE'),
-- central-de-bebidas: Destilados
('d2000001-0000-0000-0000-000000000010', 'central-de-bebidas', 'DEST-FERNET-750', 'Fernet Branca 750ml', 'Amaro italiano clásico', 'c2000001-0000-0000-0000-000000000001', 'f2000001-0000-0000-0000-000000000003', 'ACTIVE'),
('d2000001-0000-0000-0000-000000000011', 'central-de-bebidas', 'DEST-FERNET-1000', 'Fernet Branca 1L', 'Amaro italiano formato litro', 'c2000001-0000-0000-0000-000000000001', 'f2000001-0000-0000-0000-000000000003', 'ACTIVE'),
('d2000001-0000-0000-0000-000000000012', 'central-de-bebidas', 'DEST-JHWALKER-750', 'Johnnie Walker Red Label 750ml', 'Whisky escocés blended', 'c2000001-0000-0000-0000-000000000001', 'f2000001-0000-0000-0000-000000000003', 'ACTIVE'),
('d2000001-0000-0000-0000-000000000013', 'central-de-bebidas', 'DEST-ABSOLUT-750', 'Absolut Vodka 750ml', 'Vodka sueco premium', 'c2000001-0000-0000-0000-000000000001', 'f2000001-0000-0000-0000-000000000003', 'ACTIVE'),
-- central-de-bebidas: Gaseosas
('d2000001-0000-0000-0000-000000000014', 'central-de-bebidas', 'GAS-COCA-2250', 'Coca-Cola 2.25L', 'Gaseosa cola', 'c2000001-0000-0000-0000-000000000002', 'f2000001-0000-0000-0000-000000000004', 'ACTIVE'),
('d2000001-0000-0000-0000-000000000015', 'central-de-bebidas', 'GAS-COCA-354', 'Coca-Cola Lata 354ml', 'Gaseosa cola lata', 'c2000001-0000-0000-0000-000000000002', 'f2000001-0000-0000-0000-000000000004', 'ACTIVE'),
('d2000001-0000-0000-0000-000000000016', 'central-de-bebidas', 'GAS-SPRITE-2250', 'Sprite 2.25L', 'Gaseosa lima-limón', 'c2000001-0000-0000-0000-000000000002', 'f2000001-0000-0000-0000-000000000004', 'ACTIVE'),
('d2000001-0000-0000-0000-000000000017', 'central-de-bebidas', 'GAS-FANTA-2250', 'Fanta Naranja 2.25L', 'Gaseosa sabor naranja', 'c2000001-0000-0000-0000-000000000002', 'f2000001-0000-0000-0000-000000000004', 'ACTIVE'),
-- central-de-bebidas: Aguas y Jugos
('d2000001-0000-0000-0000-000000000018', 'central-de-bebidas', 'AGUA-VILLA-500', 'Agua Villavicencio 500ml', 'Agua mineral sin gas', 'c2000001-0000-0000-0000-000000000002', 'f2000001-0000-0000-0000-000000000005', 'ACTIVE'),
('d2000001-0000-0000-0000-000000000019', 'central-de-bebidas', 'AGUA-VILLA-1500', 'Agua Villavicencio 1.5L', 'Agua mineral sin gas formato grande', 'c2000001-0000-0000-0000-000000000002', 'f2000001-0000-0000-0000-000000000005', 'ACTIVE'),
-- central-de-bebidas: Energizantes
('d2000001-0000-0000-0000-000000000020', 'central-de-bebidas', 'ENER-SPEED-250', 'Speed Energizante 250ml', 'Bebida energizante', 'c2000001-0000-0000-0000-000000000002', 'f2000001-0000-0000-0000-000000000006', 'ACTIVE'),
('d2000001-0000-0000-0000-000000000021', 'central-de-bebidas', 'ENER-REDBULL-250', 'Red Bull 250ml', 'Bebida energizante premium', 'c2000001-0000-0000-0000-000000000002', 'f2000001-0000-0000-0000-000000000006', 'ACTIVE'),
-- central-de-bebidas: Cigarrillos
('d2000001-0000-0000-0000-000000000022', 'central-de-bebidas', 'CIG-MARLB-BOX20', 'Marlboro Box 20', 'Cigarrillos Marlboro caja dura', 'c2000001-0000-0000-0000-000000000003', 'f2000001-0000-0000-0000-000000000007', 'ACTIVE'),
('d2000001-0000-0000-0000-000000000023', 'central-de-bebidas', 'CIG-LUCKY-BOX20', 'Lucky Strike Box 20', 'Cigarrillos Lucky Strike', 'c2000001-0000-0000-0000-000000000003', 'f2000001-0000-0000-0000-000000000007', 'ACTIVE'),
('d2000001-0000-0000-0000-000000000024', 'central-de-bebidas', 'CIG-CAMEL-BOX20', 'Camel Box 20', 'Cigarrillos Camel', 'c2000001-0000-0000-0000-000000000003', 'f2000001-0000-0000-0000-000000000007', 'ACTIVE');

-- ============================================= WAREHOUSES =============================================

INSERT INTO warehouses (id, tenant_id, name, address, active) VALUES
-- go-bar: un local
('e1000001-0000-0000-0000-000000000001', 'go-bar', 'Local Principal', 'Av. Corrientes 1234, CABA', true),
-- central-de-bebidas: depósito y sucursal
('e2000001-0000-0000-0000-000000000001', 'central-de-bebidas', 'Depósito Central', 'Ruta 8 Km 42, Pilar, Buenos Aires', true),
('e2000001-0000-0000-0000-000000000002', 'central-de-bebidas', 'Sucursal Zona Norte', 'Av. Maipú 890, San Isidro', true);

-- ============================================= STORAGE AREAS =============================================

INSERT INTO storage_areas (id, tenant_id, warehouse_id, name, description) VALUES
-- go-bar
('aa100001-0000-0000-0000-000000000001', 'go-bar', 'e1000001-0000-0000-0000-000000000001', 'Barra', 'Heladeras y exhibidores de la barra'),
('aa100001-0000-0000-0000-000000000002', 'go-bar', 'e1000001-0000-0000-0000-000000000001', 'Depósito Trasero', 'Depósito detrás del salón'),
-- central-de-bebidas: Depósito Central
('aa200001-0000-0000-0000-000000000001', 'central-de-bebidas', 'e2000001-0000-0000-0000-000000000001', 'Nave A - Alcohólicas', 'Nave principal para bebidas alcohólicas'),
('aa200001-0000-0000-0000-000000000002', 'central-de-bebidas', 'e2000001-0000-0000-0000-000000000001', 'Nave B - Sin Alcohol', 'Nave para gaseosas y aguas'),
('aa200001-0000-0000-0000-000000000003', 'central-de-bebidas', 'e2000001-0000-0000-0000-000000000001', 'Nave C - Varios', 'Nave para cigarrillos e insumos'),
-- central-de-bebidas: Sucursal
('aa200001-0000-0000-0000-000000000004', 'central-de-bebidas', 'e2000001-0000-0000-0000-000000000002', 'Showroom', 'Exhibición y retiro de mercadería');

-- ============================================= STORAGE LOCATIONS =============================================

INSERT INTO storage_locations (id, tenant_id, area_id, name, description) VALUES
-- go-bar
('ab100001-0000-0000-0000-000000000001', 'go-bar', 'aa100001-0000-0000-0000-000000000001', 'Heladera Barra 1', 'Heladera principal de la barra'),
('ab100001-0000-0000-0000-000000000002', 'go-bar', 'aa100001-0000-0000-0000-000000000001', 'Heladera Barra 2', 'Heladera secundaria'),
('ab100001-0000-0000-0000-000000000003', 'go-bar', 'aa100001-0000-0000-0000-000000000002', 'Estantería Licores', 'Estantería de botellas de licores'),
('ab100001-0000-0000-0000-000000000004', 'go-bar', 'aa100001-0000-0000-0000-000000000002', 'Piso Depósito', 'Cajones y packs en el piso'),
-- central-de-bebidas
('ab200001-0000-0000-0000-000000000001', 'central-de-bebidas', 'aa200001-0000-0000-0000-000000000001', 'Rack A1 - Cervezas', 'Racks de pallets para cervezas'),
('ab200001-0000-0000-0000-000000000002', 'central-de-bebidas', 'aa200001-0000-0000-0000-000000000001', 'Rack A2 - Vinos', 'Racks climatizados para vinos'),
('ab200001-0000-0000-0000-000000000003', 'central-de-bebidas', 'aa200001-0000-0000-0000-000000000001', 'Rack A3 - Destilados', 'Racks para destilados'),
('ab200001-0000-0000-0000-000000000004', 'central-de-bebidas', 'aa200001-0000-0000-0000-000000000002', 'Rack B1 - Gaseosas', 'Racks para gaseosas'),
('ab200001-0000-0000-0000-000000000005', 'central-de-bebidas', 'aa200001-0000-0000-0000-000000000002', 'Rack B2 - Aguas', 'Racks para aguas'),
('ab200001-0000-0000-0000-000000000006', 'central-de-bebidas', 'aa200001-0000-0000-0000-000000000003', 'Estante C1 - Cigarrillos', 'Estante cerrado para cigarrillos'),
('ab200001-0000-0000-0000-000000000007', 'central-de-bebidas', 'aa200001-0000-0000-0000-000000000004', 'Showroom Piso', 'Exhibición en sucursal');

-- ============================================= STOCK BATCHES =============================================

INSERT INTO stock_batches (id, tenant_id, product_id, batch_code, quantity, unit, warehouse_id, status, entry_date) VALUES
-- go-bar batches
('ac100001-0000-0000-0000-000000000001', 'go-bar', 'd1000001-0000-0000-0000-000000000001', 'GB-QUIL-2026-01', 48, 'unidad', 'e1000001-0000-0000-0000-000000000001', 'ACTIVE', '2026-01-05T10:00:00Z'),
('ac100001-0000-0000-0000-000000000002', 'go-bar', 'd1000001-0000-0000-0000-000000000002', 'GB-BRAH-2026-01', 24, 'unidad', 'e1000001-0000-0000-0000-000000000001', 'ACTIVE', '2026-01-05T10:00:00Z'),
('ac100001-0000-0000-0000-000000000003', 'go-bar', 'd1000001-0000-0000-0000-000000000003', 'GB-CORO-2026-01', 12, 'unidad', 'e1000001-0000-0000-0000-000000000001', 'ACTIVE', '2026-01-08T14:00:00Z'),
('ac100001-0000-0000-0000-000000000004', 'go-bar', 'd1000001-0000-0000-0000-000000000008', 'GB-FERN-2026-01', 6, 'unidad', 'e1000001-0000-0000-0000-000000000001', 'ACTIVE', '2026-01-10T09:00:00Z'),
('ac100001-0000-0000-0000-000000000005', 'go-bar', 'd1000001-0000-0000-0000-000000000011', 'GB-COCA-2026-01', 20, 'unidad', 'e1000001-0000-0000-0000-000000000001', 'ACTIVE', '2026-01-06T11:00:00Z'),
('ac100001-0000-0000-0000-000000000006', 'go-bar', 'd1000001-0000-0000-0000-000000000012', 'GB-COCL-2026-01', 48, 'unidad', 'e1000001-0000-0000-0000-000000000001', 'ACTIVE', '2026-01-06T11:00:00Z'),
('ac100001-0000-0000-0000-000000000007', 'go-bar', 'd1000001-0000-0000-0000-000000000017', 'GB-SPEED-2026-01', 24, 'unidad', 'e1000001-0000-0000-0000-000000000001', 'ACTIVE', '2026-01-07T16:00:00Z'),
('ac100001-0000-0000-0000-000000000008', 'go-bar', 'd1000001-0000-0000-0000-000000000019', 'GB-MARLB-2026-01', 30, 'unidad', 'e1000001-0000-0000-0000-000000000001', 'ACTIVE', '2026-01-08T10:00:00Z'),
('ac100001-0000-0000-0000-000000000009', 'go-bar', 'd1000001-0000-0000-0000-000000000006', 'GB-TRUMP-2026-01', 8, 'unidad', 'e1000001-0000-0000-0000-000000000001', 'ACTIVE', '2026-01-12T09:00:00Z'),
('ac100001-0000-0000-0000-000000000010', 'go-bar', 'd1000001-0000-0000-0000-000000000001', 'GB-QUIL-2025-12', 0, 'unidad', 'e1000001-0000-0000-0000-000000000001', 'DEPLETED', '2025-12-10T10:00:00Z'),

-- central-de-bebidas batches (larger quantities)
('ac200001-0000-0000-0000-000000000001', 'central-de-bebidas', 'd2000001-0000-0000-0000-000000000001', 'CDB-QUIL-2026-01', 480, 'unidad', 'e2000001-0000-0000-0000-000000000001', 'ACTIVE', '2026-01-03T08:00:00Z'),
('ac200001-0000-0000-0000-000000000002', 'central-de-bebidas', 'd2000001-0000-0000-0000-000000000002', 'CDB-BRAH-2026-01', 360, 'unidad', 'e2000001-0000-0000-0000-000000000001', 'ACTIVE', '2026-01-03T08:00:00Z'),
('ac200001-0000-0000-0000-000000000003', 'central-de-bebidas', 'd2000001-0000-0000-0000-000000000003', 'CDB-CORO-2026-01', 144, 'unidad', 'e2000001-0000-0000-0000-000000000001', 'ACTIVE', '2026-01-05T09:00:00Z'),
('ac200001-0000-0000-0000-000000000004', 'central-de-bebidas', 'd2000001-0000-0000-0000-000000000010', 'CDB-FERN-2026-01', 72, 'unidad', 'e2000001-0000-0000-0000-000000000001', 'ACTIVE', '2026-01-06T10:00:00Z'),
('ac200001-0000-0000-0000-000000000005', 'central-de-bebidas', 'd2000001-0000-0000-0000-000000000011', 'CDB-FERN1L-2026-01', 48, 'unidad', 'e2000001-0000-0000-0000-000000000001', 'ACTIVE', '2026-01-06T10:00:00Z'),
('ac200001-0000-0000-0000-000000000006', 'central-de-bebidas', 'd2000001-0000-0000-0000-000000000014', 'CDB-COCA-2026-01', 240, 'unidad', 'e2000001-0000-0000-0000-000000000001', 'ACTIVE', '2026-01-04T08:00:00Z'),
('ac200001-0000-0000-0000-000000000007', 'central-de-bebidas', 'd2000001-0000-0000-0000-000000000015', 'CDB-COCL-2026-01', 480, 'unidad', 'e2000001-0000-0000-0000-000000000001', 'ACTIVE', '2026-01-04T08:00:00Z'),
('ac200001-0000-0000-0000-000000000008', 'central-de-bebidas', 'd2000001-0000-0000-0000-000000000007', 'CDB-TRUMP-2026-01', 60, 'unidad', 'e2000001-0000-0000-0000-000000000001', 'ACTIVE', '2026-01-07T11:00:00Z'),
('ac200001-0000-0000-0000-000000000009', 'central-de-bebidas', 'd2000001-0000-0000-0000-000000000020', 'CDB-SPEED-2026-01', 120, 'unidad', 'e2000001-0000-0000-0000-000000000001', 'ACTIVE', '2026-01-08T09:00:00Z'),
('ac200001-0000-0000-0000-000000000010', 'central-de-bebidas', 'd2000001-0000-0000-0000-000000000022', 'CDB-MARLB-2026-01', 200, 'unidad', 'e2000001-0000-0000-0000-000000000001', 'ACTIVE', '2026-01-09T10:00:00Z'),
('ac200001-0000-0000-0000-000000000011', 'central-de-bebidas', 'd2000001-0000-0000-0000-000000000001', 'CDB-QUIL-2025-12', 0, 'unidad', 'e2000001-0000-0000-0000-000000000001', 'DEPLETED', '2025-12-01T08:00:00Z'),
('ac200001-0000-0000-0000-000000000012', 'central-de-bebidas', 'd2000001-0000-0000-0000-000000000009', 'CDB-CHAND-2026-01', 36, 'unidad', 'e2000001-0000-0000-0000-000000000001', 'ACTIVE', '2026-01-10T09:00:00Z');

-- ============================================= STOCK MOVEMENTS =============================================

INSERT INTO stock_movements (id, tenant_id, movement_type, quantity, unit, reference_id, notes, performed_by, performed_at) VALUES
-- go-bar: entradas de mercadería
('ad100001-0000-0000-0000-000000000001', 'go-bar', 'ENTRADA', 48, 'unidad', 'ac100001-0000-0000-0000-000000000001', 'Compra proveedor semanal - Quilmes', 'a0000001-0000-0000-0000-000000000001', '2026-01-05T10:00:00Z'),
('ad100001-0000-0000-0000-000000000002', 'go-bar', 'ENTRADA', 24, 'unidad', 'ac100001-0000-0000-0000-000000000002', 'Compra proveedor semanal - Brahma', 'a0000001-0000-0000-0000-000000000001', '2026-01-05T10:00:00Z'),
('ad100001-0000-0000-0000-000000000003', 'go-bar', 'ENTRADA', 12, 'unidad', 'ac100001-0000-0000-0000-000000000003', 'Pedido Corona', 'a0000001-0000-0000-0000-000000000002', '2026-01-08T14:00:00Z'),
('ad100001-0000-0000-0000-000000000004', 'go-bar', 'ENTRADA', 6, 'unidad', 'ac100001-0000-0000-0000-000000000004', 'Reposición Fernet', 'a0000001-0000-0000-0000-000000000002', '2026-01-10T09:00:00Z'),
('ad100001-0000-0000-0000-000000000005', 'go-bar', 'ENTRADA', 20, 'unidad', 'ac100001-0000-0000-0000-000000000005', 'Coca-Cola 2.25L', 'a0000001-0000-0000-0000-000000000001', '2026-01-06T11:00:00Z'),
('ad100001-0000-0000-0000-000000000006', 'go-bar', 'ENTRADA', 48, 'unidad', 'ac100001-0000-0000-0000-000000000006', 'Coca-Cola latas', 'a0000001-0000-0000-0000-000000000001', '2026-01-06T11:00:00Z'),
-- go-bar: ventas (salidas)
('ad100001-0000-0000-0000-000000000007', 'go-bar', 'VENTA', 6, 'unidad', 'ac100001-0000-0000-0000-000000000001', 'Venta noche viernes', 'a0000001-0000-0000-0000-000000000003', '2026-01-17T23:30:00Z'),
('ad100001-0000-0000-0000-000000000008', 'go-bar', 'VENTA', 4, 'unidad', 'ac100001-0000-0000-0000-000000000002', 'Venta noche viernes', 'a0000001-0000-0000-0000-000000000003', '2026-01-17T23:30:00Z'),
('ad100001-0000-0000-0000-000000000009', 'go-bar', 'VENTA', 3, 'unidad', 'ac100001-0000-0000-0000-000000000004', 'Fernando con cola', 'a0000001-0000-0000-0000-000000000003', '2026-01-18T01:00:00Z'),
('ad100001-0000-0000-0000-000000000010', 'go-bar', 'AJUSTE', -2, 'unidad', 'ac100001-0000-0000-0000-000000000003', 'Corona rota - ajuste inventario', 'a0000001-0000-0000-0000-000000000002', '2026-01-20T15:00:00Z'),
-- go-bar: más ventas recientes
('ad100001-0000-0000-0000-000000000011', 'go-bar', 'VENTA', 10, 'unidad', 'ac100001-0000-0000-0000-000000000001', 'Venta sábado noche', 'a0000001-0000-0000-0000-000000000003', '2026-02-01T22:00:00Z'),
('ad100001-0000-0000-0000-000000000012', 'go-bar', 'VENTA', 8, 'unidad', 'ac100001-0000-0000-0000-000000000006', 'Coca latas sábado', 'a0000001-0000-0000-0000-000000000003', '2026-02-01T22:00:00Z'),

-- central-de-bebidas: entradas grandes
('ad200001-0000-0000-0000-000000000001', 'central-de-bebidas', 'ENTRADA', 480, 'unidad', 'ac200001-0000-0000-0000-000000000001', 'Recepción Quilmes - 20 cajones', 'b0000001-0000-0000-0000-000000000003', '2026-01-03T08:00:00Z'),
('ad200001-0000-0000-0000-000000000002', 'central-de-bebidas', 'ENTRADA', 360, 'unidad', 'ac200001-0000-0000-0000-000000000002', 'Recepción Brahma - 15 cajones', 'b0000001-0000-0000-0000-000000000003', '2026-01-03T08:00:00Z'),
('ad200001-0000-0000-0000-000000000003', 'central-de-bebidas', 'ENTRADA', 144, 'unidad', 'ac200001-0000-0000-0000-000000000003', 'Recepción Corona - 6 cajones', 'b0000001-0000-0000-0000-000000000003', '2026-01-05T09:00:00Z'),
('ad200001-0000-0000-0000-000000000004', 'central-de-bebidas', 'ENTRADA', 72, 'unidad', 'ac200001-0000-0000-0000-000000000004', 'Recepción Fernet 750ml', 'b0000001-0000-0000-0000-000000000003', '2026-01-06T10:00:00Z'),
('ad200001-0000-0000-0000-000000000005', 'central-de-bebidas', 'ENTRADA', 240, 'unidad', 'ac200001-0000-0000-0000-000000000006', 'Recepción Coca-Cola', 'b0000001-0000-0000-0000-000000000003', '2026-01-04T08:00:00Z'),
-- central-de-bebidas: ventas mayoristas
('ad200001-0000-0000-0000-000000000006', 'central-de-bebidas', 'VENTA', 96, 'unidad', 'ac200001-0000-0000-0000-000000000001', 'Venta a Bar El Rincón - 4 cajones Quilmes', 'b0000001-0000-0000-0000-000000000002', '2026-01-15T14:00:00Z'),
('ad200001-0000-0000-0000-000000000007', 'central-de-bebidas', 'VENTA', 48, 'unidad', 'ac200001-0000-0000-0000-000000000002', 'Venta a Kiosco López - 2 cajones Brahma', 'b0000001-0000-0000-0000-000000000002', '2026-01-16T10:00:00Z'),
('ad200001-0000-0000-0000-000000000008', 'central-de-bebidas', 'VENTA', 24, 'unidad', 'ac200001-0000-0000-0000-000000000004', 'Venta a Almacén Don Pedro - Fernet', 'b0000001-0000-0000-0000-000000000002', '2026-01-18T11:00:00Z'),
('ad200001-0000-0000-0000-000000000009', 'central-de-bebidas', 'VENTA', 120, 'unidad', 'ac200001-0000-0000-0000-000000000006', 'Venta a Supermercado Día - Coca-Cola', 'b0000001-0000-0000-0000-000000000002', '2026-01-20T09:00:00Z'),
('ad200001-0000-0000-0000-000000000010', 'central-de-bebidas', 'AJUSTE', -12, 'unidad', 'ac200001-0000-0000-0000-000000000003', 'Rotura en transporte - Corona', 'b0000001-0000-0000-0000-000000000002', '2026-01-22T16:00:00Z'),
-- central-de-bebidas: más ventas recientes
('ad200001-0000-0000-0000-000000000011', 'central-de-bebidas', 'VENTA', 48, 'unidad', 'ac200001-0000-0000-0000-000000000001', 'Venta a Bar La Esquina', 'b0000001-0000-0000-0000-000000000002', '2026-02-03T10:00:00Z'),
('ad200001-0000-0000-0000-000000000012', 'central-de-bebidas', 'VENTA', 60, 'unidad', 'ac200001-0000-0000-0000-000000000007', 'Venta latas Coca a distribuidora', 'b0000001-0000-0000-0000-000000000002', '2026-02-05T11:00:00Z');

-- ============================================= STOCK BATCH MOVEMENTS =============================================

INSERT INTO stock_batch_movements (id, batch_id, movement_id, quantity) VALUES
-- go-bar
('ae100001-0000-0000-0000-000000000001', 'ac100001-0000-0000-0000-000000000001', 'ad100001-0000-0000-0000-000000000001', 48),
('ae100001-0000-0000-0000-000000000002', 'ac100001-0000-0000-0000-000000000002', 'ad100001-0000-0000-0000-000000000002', 24),
('ae100001-0000-0000-0000-000000000003', 'ac100001-0000-0000-0000-000000000003', 'ad100001-0000-0000-0000-000000000003', 12),
('ae100001-0000-0000-0000-000000000004', 'ac100001-0000-0000-0000-000000000004', 'ad100001-0000-0000-0000-000000000004', 6),
('ae100001-0000-0000-0000-000000000005', 'ac100001-0000-0000-0000-000000000005', 'ad100001-0000-0000-0000-000000000005', 20),
('ae100001-0000-0000-0000-000000000006', 'ac100001-0000-0000-0000-000000000006', 'ad100001-0000-0000-0000-000000000006', 48),
('ae100001-0000-0000-0000-000000000007', 'ac100001-0000-0000-0000-000000000001', 'ad100001-0000-0000-0000-000000000007', 6),
('ae100001-0000-0000-0000-000000000008', 'ac100001-0000-0000-0000-000000000002', 'ad100001-0000-0000-0000-000000000008', 4),
('ae100001-0000-0000-0000-000000000009', 'ac100001-0000-0000-0000-000000000004', 'ad100001-0000-0000-0000-000000000009', 3),
('ae100001-0000-0000-0000-000000000010', 'ac100001-0000-0000-0000-000000000003', 'ad100001-0000-0000-0000-000000000010', 2),
('ae100001-0000-0000-0000-000000000011', 'ac100001-0000-0000-0000-000000000001', 'ad100001-0000-0000-0000-000000000011', 10),
('ae100001-0000-0000-0000-000000000012', 'ac100001-0000-0000-0000-000000000006', 'ad100001-0000-0000-0000-000000000012', 8),
-- central-de-bebidas
('ae200001-0000-0000-0000-000000000001', 'ac200001-0000-0000-0000-000000000001', 'ad200001-0000-0000-0000-000000000001', 480),
('ae200001-0000-0000-0000-000000000002', 'ac200001-0000-0000-0000-000000000002', 'ad200001-0000-0000-0000-000000000002', 360),
('ae200001-0000-0000-0000-000000000003', 'ac200001-0000-0000-0000-000000000003', 'ad200001-0000-0000-0000-000000000003', 144),
('ae200001-0000-0000-0000-000000000004', 'ac200001-0000-0000-0000-000000000004', 'ad200001-0000-0000-0000-000000000004', 72),
('ae200001-0000-0000-0000-000000000005', 'ac200001-0000-0000-0000-000000000006', 'ad200001-0000-0000-0000-000000000005', 240),
('ae200001-0000-0000-0000-000000000006', 'ac200001-0000-0000-0000-000000000001', 'ad200001-0000-0000-0000-000000000006', 96),
('ae200001-0000-0000-0000-000000000007', 'ac200001-0000-0000-0000-000000000002', 'ad200001-0000-0000-0000-000000000007', 48),
('ae200001-0000-0000-0000-000000000008', 'ac200001-0000-0000-0000-000000000004', 'ad200001-0000-0000-0000-000000000008', 24),
('ae200001-0000-0000-0000-000000000009', 'ac200001-0000-0000-0000-000000000006', 'ad200001-0000-0000-0000-000000000009', 120),
('ae200001-0000-0000-0000-000000000010', 'ac200001-0000-0000-0000-000000000003', 'ad200001-0000-0000-0000-000000000010', 12),
('ae200001-0000-0000-0000-000000000011', 'ac200001-0000-0000-0000-000000000001', 'ad200001-0000-0000-0000-000000000011', 48),
('ae200001-0000-0000-0000-000000000012', 'ac200001-0000-0000-0000-000000000007', 'ad200001-0000-0000-0000-000000000012', 60);

-- ============================================= SALES =============================================

INSERT INTO sales (id, tenant_id, sale_number, status, total_amount, customer_name, notes, sold_by, sold_at) VALUES
-- go-bar: ventas minoristas
('aa100001-0000-0000-0000-000000000001', 'go-bar', 'GB-VTA-20260117-001', 'COMPLETED', 15500.00, NULL, 'Venta barra noche viernes', 'a0000001-0000-0000-0000-000000000003', '2026-01-17T23:30:00Z'),
('aa100001-0000-0000-0000-000000000002', 'go-bar', 'GB-VTA-20260118-001', 'COMPLETED', 12000.00, NULL, 'Fernando con cola x3', 'a0000001-0000-0000-0000-000000000003', '2026-01-18T01:00:00Z'),
('aa100001-0000-0000-0000-000000000003', 'go-bar', 'GB-VTA-20260201-001', 'COMPLETED', 22500.00, NULL, 'Venta noche sábado', 'a0000001-0000-0000-0000-000000000003', '2026-02-01T22:00:00Z'),
('aa100001-0000-0000-0000-000000000004', 'go-bar', 'GB-VTA-20260208-001', 'PENDING', 8500.00, 'Mesa 5', 'Mesa abierta', 'a0000001-0000-0000-0000-000000000003', '2026-02-08T21:00:00Z'),
-- central-de-bebidas: ventas mayoristas
('aa200001-0000-0000-0000-000000000001', 'central-de-bebidas', 'CDB-VTA-20260115-001', 'COMPLETED', 192000.00, 'Bar El Rincón', '4 cajones Quilmes', 'b0000001-0000-0000-0000-000000000002', '2026-01-15T14:00:00Z'),
('aa200001-0000-0000-0000-000000000002', 'central-de-bebidas', 'CDB-VTA-20260116-001', 'COMPLETED', 72000.00, 'Kiosco López', '2 cajones Brahma', 'b0000001-0000-0000-0000-000000000002', '2026-01-16T10:00:00Z'),
('aa200001-0000-0000-0000-000000000003', 'central-de-bebidas', 'CDB-VTA-20260118-001', 'COMPLETED', 144000.00, 'Almacén Don Pedro', '24 Fernet', 'b0000001-0000-0000-0000-000000000002', '2026-01-18T11:00:00Z'),
('aa200001-0000-0000-0000-000000000004', 'central-de-bebidas', 'CDB-VTA-20260120-001', 'COMPLETED', 180000.00, 'Supermercado Día', '120 Coca-Cola 2.25L', 'b0000001-0000-0000-0000-000000000002', '2026-01-20T09:00:00Z'),
('aa200001-0000-0000-0000-000000000005', 'central-de-bebidas', 'CDB-VTA-20260203-001', 'COMPLETED', 96000.00, 'Bar La Esquina', '48 Quilmes', 'b0000001-0000-0000-0000-000000000002', '2026-02-03T10:00:00Z'),
('aa200001-0000-0000-0000-000000000006', 'central-de-bebidas', 'CDB-VTA-20260205-001', 'COMPLETED', 42000.00, 'Distribuidora Norte', '60 latas Coca', 'b0000001-0000-0000-0000-000000000002', '2026-02-05T11:00:00Z'),
('aa200001-0000-0000-0000-000000000007', 'central-de-bebidas', 'CDB-VTA-20260210-001', 'PENDING', 288000.00, 'Restaurante La Parrilla', 'Pedido grande mensual', 'b0000001-0000-0000-0000-000000000002', '2026-02-10T08:00:00Z');

-- ============================================= SALE ITEMS =============================================

INSERT INTO sale_items (id, tenant_id, sale_id, product_id, batch_id, quantity, unit_price, subtotal) VALUES
-- go-bar VTA-001: 6 Quilmes + 4 Brahma
('af100001-0000-0000-0000-000000000001', 'go-bar', 'aa100001-0000-0000-0000-000000000001', 'd1000001-0000-0000-0000-000000000001', 'ac100001-0000-0000-0000-000000000001', 6, 1500.00, 9000.00),
('af100001-0000-0000-0000-000000000002', 'go-bar', 'aa100001-0000-0000-0000-000000000001', 'd1000001-0000-0000-0000-000000000002', 'ac100001-0000-0000-0000-000000000002', 4, 1200.00, 4800.00),
('af100001-0000-0000-0000-000000000003', 'go-bar', 'aa100001-0000-0000-0000-000000000001', 'd1000001-0000-0000-0000-000000000012', 'ac100001-0000-0000-0000-000000000006', 2, 850.00, 1700.00),
-- go-bar VTA-002: 3 Fernet
('af100001-0000-0000-0000-000000000004', 'go-bar', 'aa100001-0000-0000-0000-000000000002', 'd1000001-0000-0000-0000-000000000008', 'ac100001-0000-0000-0000-000000000004', 3, 4000.00, 12000.00),
-- go-bar VTA-003: 10 Quilmes + 8 Coca lata
('af100001-0000-0000-0000-000000000005', 'go-bar', 'aa100001-0000-0000-0000-000000000003', 'd1000001-0000-0000-0000-000000000001', 'ac100001-0000-0000-0000-000000000001', 10, 1500.00, 15000.00),
('af100001-0000-0000-0000-000000000006', 'go-bar', 'aa100001-0000-0000-0000-000000000003', 'd1000001-0000-0000-0000-000000000012', 'ac100001-0000-0000-0000-000000000006', 8, 850.00, 6800.00),
-- go-bar VTA-004 (pending): mesa abierta
('af100001-0000-0000-0000-000000000007', 'go-bar', 'aa100001-0000-0000-0000-000000000004', 'd1000001-0000-0000-0000-000000000003', 'ac100001-0000-0000-0000-000000000003', 3, 2500.00, 7500.00),
('af100001-0000-0000-0000-000000000008', 'go-bar', 'aa100001-0000-0000-0000-000000000004', 'd1000001-0000-0000-0000-000000000015', NULL, 1, 1000.00, 1000.00),

-- central-de-bebidas VTA-001: 96 Quilmes
('af200001-0000-0000-0000-000000000001', 'central-de-bebidas', 'aa200001-0000-0000-0000-000000000001', 'd2000001-0000-0000-0000-000000000001', 'ac200001-0000-0000-0000-000000000001', 96, 2000.00, 192000.00),
-- VTA-002: 48 Brahma
('af200001-0000-0000-0000-000000000002', 'central-de-bebidas', 'aa200001-0000-0000-0000-000000000002', 'd2000001-0000-0000-0000-000000000002', 'ac200001-0000-0000-0000-000000000002', 48, 1500.00, 72000.00),
-- VTA-003: 24 Fernet
('af200001-0000-0000-0000-000000000003', 'central-de-bebidas', 'aa200001-0000-0000-0000-000000000003', 'd2000001-0000-0000-0000-000000000010', 'ac200001-0000-0000-0000-000000000004', 24, 6000.00, 144000.00),
-- VTA-004: 120 Coca-Cola
('af200001-0000-0000-0000-000000000004', 'central-de-bebidas', 'aa200001-0000-0000-0000-000000000004', 'd2000001-0000-0000-0000-000000000014', 'ac200001-0000-0000-0000-000000000006', 120, 1500.00, 180000.00),
-- VTA-005: 48 Quilmes
('af200001-0000-0000-0000-000000000005', 'central-de-bebidas', 'aa200001-0000-0000-0000-000000000005', 'd2000001-0000-0000-0000-000000000001', 'ac200001-0000-0000-0000-000000000001', 48, 2000.00, 96000.00),
-- VTA-006: 60 Coca latas
('af200001-0000-0000-0000-000000000006', 'central-de-bebidas', 'aa200001-0000-0000-0000-000000000006', 'd2000001-0000-0000-0000-000000000015', 'ac200001-0000-0000-0000-000000000007', 60, 700.00, 42000.00),
-- VTA-007 (pending): pedido grande
('af200001-0000-0000-0000-000000000007', 'central-de-bebidas', 'aa200001-0000-0000-0000-000000000007', 'd2000001-0000-0000-0000-000000000001', 'ac200001-0000-0000-0000-000000000001', 96, 2000.00, 192000.00),
('af200001-0000-0000-0000-000000000008', 'central-de-bebidas', 'aa200001-0000-0000-0000-000000000007', 'd2000001-0000-0000-0000-000000000010', 'ac200001-0000-0000-0000-000000000004', 12, 6000.00, 72000.00),
('af200001-0000-0000-0000-000000000009', 'central-de-bebidas', 'aa200001-0000-0000-0000-000000000007', 'd2000001-0000-0000-0000-000000000014', 'ac200001-0000-0000-0000-000000000006', 16, 1500.00, 24000.00);

-- ============================================= PACKAGING (central-de-bebidas only) =============================================

INSERT INTO packaging_types (id, tenant_id, name, description) VALUES
('da200001-0000-0000-0000-000000000001', 'central-de-bebidas', 'Cajón', 'Cajón de 24 unidades'),
('da200001-0000-0000-0000-000000000002', 'central-de-bebidas', 'Pack', 'Pack termocontraíble'),
('da200001-0000-0000-0000-000000000003', 'central-de-bebidas', 'Caja', 'Caja de cartón');

INSERT INTO packaging_materials (id, tenant_id, name, description) VALUES
('db200001-0000-0000-0000-000000000001', 'central-de-bebidas', 'Plástico', 'Cajón plástico reutilizable'),
('db200001-0000-0000-0000-000000000002', 'central-de-bebidas', 'Cartón', 'Cartón corrugado'),
('db200001-0000-0000-0000-000000000003', 'central-de-bebidas', 'Film', 'Film termocontraíble');

INSERT INTO packaging_colors (id, tenant_id, name, hex_code) VALUES
('dc200001-0000-0000-0000-000000000001', 'central-de-bebidas', 'Amarillo Quilmes', '#FFD700'),
('dc200001-0000-0000-0000-000000000002', 'central-de-bebidas', 'Rojo Coca-Cola', '#FF0000'),
('dc200001-0000-0000-0000-000000000003', 'central-de-bebidas', 'Marrón Cartón', '#8B4513'),
('dc200001-0000-0000-0000-000000000004', 'central-de-bebidas', 'Transparente', '#FFFFFF');

INSERT INTO packaging_catalogs (id, tenant_id, name, type_id, material_id, color_id, capacity, unit) VALUES
('dd200001-0000-0000-0000-000000000001', 'central-de-bebidas', 'Cajón Cerveza 24u', 'da200001-0000-0000-0000-000000000001', 'db200001-0000-0000-0000-000000000001', 'dc200001-0000-0000-0000-000000000001', 24, 'unidades'),
('dd200001-0000-0000-0000-000000000002', 'central-de-bebidas', 'Pack Coca x6 2.25L', 'da200001-0000-0000-0000-000000000002', 'db200001-0000-0000-0000-000000000003', 'dc200001-0000-0000-0000-000000000004', 6, 'unidades'),
('dd200001-0000-0000-0000-000000000003', 'central-de-bebidas', 'Caja Vinos x6', 'da200001-0000-0000-0000-000000000003', 'db200001-0000-0000-0000-000000000002', 'dc200001-0000-0000-0000-000000000003', 6, 'unidades'),
('dd200001-0000-0000-0000-000000000004', 'central-de-bebidas', 'Caja Fernet x12', 'da200001-0000-0000-0000-000000000003', 'db200001-0000-0000-0000-000000000002', 'dc200001-0000-0000-0000-000000000003', 12, 'unidades'),
('dd200001-0000-0000-0000-000000000005', 'central-de-bebidas', 'Pack Latas x24', 'da200001-0000-0000-0000-000000000002', 'db200001-0000-0000-0000-000000000003', 'dc200001-0000-0000-0000-000000000004', 24, 'unidades');

-- ============================================= COSTS (central-de-bebidas only) =============================================

INSERT INTO costs (id, tenant_id, product_id, cost_type, amount, currency, description, effective_date) VALUES
-- Cervezas
('de200001-0000-0000-0000-000000000001', 'central-de-bebidas', 'd2000001-0000-0000-0000-000000000001', 'COMPRA', 850.00, 'ARS', 'Costo unitario Quilmes 473ml', '2026-01-03'),
('de200001-0000-0000-0000-000000000002', 'central-de-bebidas', 'd2000001-0000-0000-0000-000000000002', 'COMPRA', 750.00, 'ARS', 'Costo unitario Brahma 473ml', '2026-01-03'),
('de200001-0000-0000-0000-000000000003', 'central-de-bebidas', 'd2000001-0000-0000-0000-000000000003', 'COMPRA', 1200.00, 'ARS', 'Costo unitario Corona 330ml', '2026-01-05'),
('de200001-0000-0000-0000-000000000004', 'central-de-bebidas', 'd2000001-0000-0000-0000-000000000004', 'COMPRA', 1100.00, 'ARS', 'Costo unitario Stella 330ml', '2026-01-05'),
('de200001-0000-0000-0000-000000000005', 'central-de-bebidas', 'd2000001-0000-0000-0000-000000000005', 'COMPRA', 1300.00, 'ARS', 'Costo unitario Heineken 330ml', '2026-01-05'),
-- Destilados
('de200001-0000-0000-0000-000000000006', 'central-de-bebidas', 'd2000001-0000-0000-0000-000000000010', 'COMPRA', 3500.00, 'ARS', 'Costo unitario Fernet 750ml', '2026-01-06'),
('de200001-0000-0000-0000-000000000007', 'central-de-bebidas', 'd2000001-0000-0000-0000-000000000011', 'COMPRA', 4200.00, 'ARS', 'Costo unitario Fernet 1L', '2026-01-06'),
('de200001-0000-0000-0000-000000000008', 'central-de-bebidas', 'd2000001-0000-0000-0000-000000000012', 'COMPRA', 8500.00, 'ARS', 'Costo unitario JW Red 750ml', '2026-01-06'),
-- Gaseosas
('de200001-0000-0000-0000-000000000009', 'central-de-bebidas', 'd2000001-0000-0000-0000-000000000014', 'COMPRA', 900.00, 'ARS', 'Costo unitario Coca 2.25L', '2026-01-04'),
('de200001-0000-0000-0000-000000000010', 'central-de-bebidas', 'd2000001-0000-0000-0000-000000000015', 'COMPRA', 400.00, 'ARS', 'Costo unitario Coca lata 354ml', '2026-01-04'),
-- Vinos
('de200001-0000-0000-0000-000000000011', 'central-de-bebidas', 'd2000001-0000-0000-0000-000000000007', 'COMPRA', 2800.00, 'ARS', 'Costo unitario Trumpeter Malbec', '2026-01-07'),
('de200001-0000-0000-0000-000000000012', 'central-de-bebidas', 'd2000001-0000-0000-0000-000000000008', 'COMPRA', 5500.00, 'ARS', 'Costo unitario Catena Cabernet', '2026-01-07'),
-- Updated costs (February)
('de200001-0000-0000-0000-000000000013', 'central-de-bebidas', 'd2000001-0000-0000-0000-000000000001', 'COMPRA', 920.00, 'ARS', 'Aumento febrero Quilmes', '2026-02-01'),
('de200001-0000-0000-0000-000000000014', 'central-de-bebidas', 'd2000001-0000-0000-0000-000000000010', 'COMPRA', 3800.00, 'ARS', 'Aumento febrero Fernet', '2026-02-01');

-- ============================================= PRICE LISTS (central-de-bebidas only) =============================================

INSERT INTO price_lists (id, tenant_id, name, description, effective_date, active) VALUES
('df200001-0000-0000-0000-000000000001', 'central-de-bebidas', 'Lista Minorista Enero 2026', 'Precios para venta al público', '2026-01-01', false),
('df200001-0000-0000-0000-000000000002', 'central-de-bebidas', 'Lista Mayorista Enero 2026', 'Precios para compras mayoristas (+24u)', '2026-01-01', false),
('df200001-0000-0000-0000-000000000003', 'central-de-bebidas', 'Lista Minorista Febrero 2026', 'Precios actualizados febrero', '2026-02-01', true),
('df200001-0000-0000-0000-000000000004', 'central-de-bebidas', 'Lista Mayorista Febrero 2026', 'Precios mayoristas febrero', '2026-02-01', true);

INSERT INTO price_entries (id, tenant_id, price_list_id, product_id, price, currency, min_quantity) VALUES
-- Lista Minorista Febrero
('ef200001-0000-0000-0000-000000000001', 'central-de-bebidas', 'df200001-0000-0000-0000-000000000003', 'd2000001-0000-0000-0000-000000000001', 2200.00, 'ARS', 1),
('ef200001-0000-0000-0000-000000000002', 'central-de-bebidas', 'df200001-0000-0000-0000-000000000003', 'd2000001-0000-0000-0000-000000000002', 1800.00, 'ARS', 1),
('ef200001-0000-0000-0000-000000000003', 'central-de-bebidas', 'df200001-0000-0000-0000-000000000003', 'd2000001-0000-0000-0000-000000000003', 2800.00, 'ARS', 1),
('ef200001-0000-0000-0000-000000000004', 'central-de-bebidas', 'df200001-0000-0000-0000-000000000003', 'd2000001-0000-0000-0000-000000000010', 7200.00, 'ARS', 1),
('ef200001-0000-0000-0000-000000000005', 'central-de-bebidas', 'df200001-0000-0000-0000-000000000003', 'd2000001-0000-0000-0000-000000000014', 1800.00, 'ARS', 1),
('ef200001-0000-0000-0000-000000000006', 'central-de-bebidas', 'df200001-0000-0000-0000-000000000003', 'd2000001-0000-0000-0000-000000000015', 850.00, 'ARS', 1),
('ef200001-0000-0000-0000-000000000007', 'central-de-bebidas', 'df200001-0000-0000-0000-000000000003', 'd2000001-0000-0000-0000-000000000007', 5500.00, 'ARS', 1),
('ef200001-0000-0000-0000-000000000008', 'central-de-bebidas', 'df200001-0000-0000-0000-000000000003', 'd2000001-0000-0000-0000-000000000022', 3500.00, 'ARS', 1),
-- Lista Mayorista Febrero (descuento ~15%)
('ef200001-0000-0000-0000-000000000009', 'central-de-bebidas', 'df200001-0000-0000-0000-000000000004', 'd2000001-0000-0000-0000-000000000001', 2000.00, 'ARS', 24),
('ef200001-0000-0000-0000-000000000010', 'central-de-bebidas', 'df200001-0000-0000-0000-000000000004', 'd2000001-0000-0000-0000-000000000002', 1500.00, 'ARS', 24),
('ef200001-0000-0000-0000-000000000011', 'central-de-bebidas', 'df200001-0000-0000-0000-000000000004', 'd2000001-0000-0000-0000-000000000003', 2400.00, 'ARS', 24),
('ef200001-0000-0000-0000-000000000012', 'central-de-bebidas', 'df200001-0000-0000-0000-000000000004', 'd2000001-0000-0000-0000-000000000010', 6000.00, 'ARS', 12),
('ef200001-0000-0000-0000-000000000013', 'central-de-bebidas', 'df200001-0000-0000-0000-000000000004', 'd2000001-0000-0000-0000-000000000014', 1500.00, 'ARS', 24),
('ef200001-0000-0000-0000-000000000014', 'central-de-bebidas', 'df200001-0000-0000-0000-000000000004', 'd2000001-0000-0000-0000-000000000015', 700.00, 'ARS', 48),
('ef200001-0000-0000-0000-000000000015', 'central-de-bebidas', 'df200001-0000-0000-0000-000000000004', 'd2000001-0000-0000-0000-000000000007', 4800.00, 'ARS', 6);
